boundary_requirement_id,capability_name,zone,boundary_rule_family,authoritative_source_refs,owning_objects_or_contracts,triggering_actors,required_inputs,produced_outputs_or_artifacts,lawful_engine_relationship,security_privacy_implications,observability_implications,degraded_or_failure_behavior,forbidden_shortcuts_or_false_equivalences,downstream_phase_implications,notes
BR_001,Run initiation and authority-to-act evaluation,inside_core_engine,run_initiation_and_authority_to_act,Algorithm/actor_and_authority_model.md#actor-and-authority-model | Algorithm/core_engine.md#summary-technical-solution | Algorithm/invention_and_system_boundary.md#1-run-initiation-and-authority-to-act | Algorithm/invention_and_system_boundary.md#the-invention-begins-where,AuthorizationDecision | PrincipalContext | RunManifest | actor_and_authority_model.md,authenticated human principal | service principal | tenant policy engine,client_id | execution_mode | period | principal context | requested_scope | run_kind | tenant_id,AuthorizationDecision | RunManifest | access_binding_hash | runtime_scope,The engine owns this semantic rule and its durable state transitions; adjacent layers may invoke or deliver it but must not reinterpret it.,"Fail closed on scope, mode, policy, and authority-binding drift; preserve immutable manifest lineage and least-privilege evidence access.","Emit phase-bounded audit events, reason codes, hashes, and artifact refs sufficient to replay and defend the resulting posture.","Downgrade to blocked, review, or analysis-only posture with typed reasons rather than silently proceeding.","flattening client, period, or partition scope before the manifest is frozen | reusing a prior manifest without legality and lineage checks | treating session presence as sufficient authority to act","Access-control modules must freeze one access_binding_hash that later collection, compute, and authority phases consume verbatim. | Swimlane and manifest-lifecycle implementations must start with authorize, scope-bind, and manifest-strategy decisions before any side effects.","The engine begins at authenticated, scope-bound evaluation, not at transport receipt or UI intent."
BR_002,"Manifest reuse, replay, recovery, continuation, and branching decisions",inside_core_engine,lineage_safe_replay_recovery_continuation,Algorithm/invention_and_system_boundary.md#1-run-initiation-and-authority-to-act | Algorithm/invention_and_system_boundary.md#boundary-rule-5a-the-engine-owns-lineage-safe-replay-recovery-and-continuation-decisions | Algorithm/replay_and_reproducibility_contract.md#core-principles | Algorithm/replay_and_reproducibility_contract.md#exact-replay-preconditions,ReplayAttestation | RunManifest | continuation basis | replay_and_reproducibility_contract.md,authenticated human principal | replay service | scheduler service,access_binding_hash | frozen basis refs | prior_manifest | requested_scope | run_kind,ReplayAttestation | child-manifest lineage | manifest strategy,The engine owns this semantic rule and its durable state transitions; adjacent layers may invoke or deliver it but must not reinterpret it.,"Fail closed on scope, mode, policy, and authority-binding drift; preserve immutable manifest lineage and least-privilege evidence access.","Emit phase-bounded audit events, reason codes, hashes, and artifact refs sufficient to replay and defend the resulting posture.","Downgrade to blocked, review, or analysis-only posture with typed reasons rather than silently proceeding.",letting queue or session infrastructure decide legal continuation posture | substituting fresh inputs while still labelling the result an exact replay | treating replay as generic retry or job restart,"Lineage-aware state machines must model same-manifest reuse, child branching, and replay attestation explicitly. | Replay, recovery, and supersession modules must consume persisted historical basis instead of ambient runtime state.","Whether a run may be reused, replayed, or superseded is part of the governed decision spine rather than infrastructure convenience."
BR_003,Config freeze and immutable execution-envelope binding,inside_core_engine,config_freeze_and_execution_envelope,Algorithm/core_engine.md#summary-technical-solution | Algorithm/invention_and_system_boundary.md#2-config-freeze-and-execution-envelope | Algorithm/invention_and_system_boundary.md#positive-boundary-what-is-inside-the-invention | Algorithm/replay_and_reproducibility_contract.md#1-immutable-execution-basis,ConfigFreeze | ConfigVersion | RunManifest | execution_basis_hash,manifest orchestrator | operator or scheduler principal,connector profile refs | mode | policy versions | retention profile refs | rule versions | thresholds,ConfigFreeze | execution_basis_hash | frozen execution envelope,The engine owns this semantic rule and its durable state transitions; adjacent layers may invoke or deliver it but must not reinterpret it.,"Fail closed on scope, mode, policy, and authority-binding drift; preserve immutable manifest lineage and least-privilege evidence access.","Emit phase-bounded audit events, reason codes, hashes, and artifact refs sufficient to replay and defend the resulting posture.","Downgrade to blocked, review, or analysis-only posture with typed reasons rather than silently proceeding.",analysis-only configuration silently authorizing compliance progression | mutable config lookup during a live run | reconstructing the execution basis from current defaults at replay time,"All downstream contracts must read frozen config refs from the manifest rather than re-resolving ambient policy. | Config services, release gates, and replay tooling must preserve a byte-stable execution basis before collection begins.","The inventive spine depends on a sealed execution envelope, not on best-effort configuration discipline."
BR_004,Engine-controlled evidence intake decisioning,inside_core_engine,controlled_intake_before_canonicalization,Algorithm/canonical_source_and_evidence_taxonomy.md#canonical-source-and-evidence-taxonomy | Algorithm/invention_and_system_boundary.md#2-system-boundary | Algorithm/invention_and_system_boundary.md#3-evidence-acquisition-as-engine-controlled-intake,ConnectorBinding | RunManifest | Snapshot | SourceCollectionRun,connector service | manifest orchestrator,connector profile refs | runtime_scope | source plan | source-window policy,collection audit refs | fetch instructions | scoped payload refs,The engine owns this semantic rule and its durable state transitions; adjacent layers may invoke or deliver it but must not reinterpret it.,"Fail closed on scope, mode, policy, and authority-binding drift; preserve immutable manifest lineage and least-privilege evidence access.","Emit phase-bounded audit events, reason codes, hashes, and artifact refs sufficient to replay and defend the resulting posture.","Downgrade to blocked, review, or analysis-only posture with typed reasons rather than silently proceeding.",allowing raw source payloads to satisfy scope without manifest linkage | letting connector retry logic widen partition or obligation scope | treating a successful fetch as canonical truth,Collection modules must separate engine-owned fetch intent from connector-owned transport execution. | Collection persistence must retain source-window and partition scope so later compute cannot over-read evidence.,"The engine owns the decision to fetch, the lawful scope of fetched payloads, and the rule that nothing becomes canonical before normalization."
BR_005,Canonicalization from raw source material into Snapshot,inside_core_engine,canonicalization_not_raw_source_truth,Algorithm/canonical_source_and_evidence_taxonomy.md#canonical-source-and-evidence-taxonomy | Algorithm/invention_and_system_boundary.md#4-canonicalization-and-data-quality-formation | Algorithm/invention_and_system_boundary.md#boundary-rule-2-the-engine-owns-canonicalization-not-raw-source-truth,CandidateFact | CanonicalFact | EvidenceItem | Snapshot | SourceRecord,manifest orchestrator | normalizer service,normalization context | raw payload refs | scope bindings | source_class,CanonicalFact | EvidenceItem | Snapshot | validation output,The engine owns this semantic rule and its durable state transitions; adjacent layers may invoke or deliver it but must not reinterpret it.,"Fail closed on scope, mode, policy, and authority-binding drift; preserve immutable manifest lineage and least-privilege evidence access.","Emit phase-bounded audit events, reason codes, hashes, and artifact refs sufficient to replay and defend the resulting posture.","Downgrade to blocked, review, or analysis-only posture with typed reasons rather than silently proceeding.",equating OCR text or imported CSV rows with engine truth | skipping scope binding before canonical fact promotion | treating external payloads as canonical facts on receipt,"Normalization services must persist the exact raw-to-canonical chain used by compute and parity. | Schema ownership work must distinguish SourceRecord, EvidenceItem, CandidateFact, and CanonicalFact as separate families.","Raw source material stays external input until the engine validates, scopes, and promotes it into Snapshot-backed canonical facts."
BR_006,"Explicit validation quality, completeness, and uncertainty measurement",inside_core_engine,validation_quality_and_completeness,Algorithm/canonical_source_and_evidence_taxonomy.md#4-5-strength-tiers | Algorithm/canonical_source_and_evidence_taxonomy.md#4-6-confidence-model | Algorithm/invention_and_system_boundary.md#4-canonicalization-and-data-quality-formation | Algorithm/invention_and_system_boundary.md#positive-boundary-what-is-inside-the-invention,Snapshot | TrustSummary | validation result sets,compute service | normalizer service,canonical facts | completeness checks | confidence state | evidence strength,completeness metrics | gate inputs | quality metrics | uncertainty markers,The engine owns this semantic rule and its durable state transitions; adjacent layers may invoke or deliver it but must not reinterpret it.,"Fail closed on scope, mode, policy, and authority-binding drift; preserve immutable manifest lineage and least-privilege evidence access.","Emit phase-bounded audit events, reason codes, hashes, and artifact refs sufficient to replay and defend the resulting posture.","Downgrade to blocked, review, or analysis-only posture with typed reasons rather than silently proceeding.",bypassing quality signals before trust synthesis | silent degradation when evidence is partial or weak | treating missing support as zero or non-occurrence,Later gate and trust modules must consume explicit quality or completeness metrics instead of informal heuristics. | Observability and remediation flows must surface typed data-health posture rather than generic warnings.,The corpus makes quality and completeness first-class inputs to later trust and automation decisions.
BR_007,Outcome computation on the frozen canonical snapshot,inside_core_engine,outcome_computation_from_snapshot,Algorithm/core_engine.md#outputs-decisionbundle | Algorithm/core_engine.md#summary-technical-solution | Algorithm/invention_and_system_boundary.md#5-outcome-computation,DecisionBundle | DerivedValue | Snapshot | data_model.md,compute service,Snapshot | deterministic seed | execution mode | frozen config refs,DecisionBundle | computed outcomes | derived value refs,The engine owns this semantic rule and its durable state transitions; adjacent layers may invoke or deliver it but must not reinterpret it.,"Fail closed on scope, mode, policy, and authority-binding drift; preserve immutable manifest lineage and least-privilege evidence access.","Emit phase-bounded audit events, reason codes, hashes, and artifact refs sufficient to replay and defend the resulting posture.","Downgrade to blocked, review, or analysis-only posture with typed reasons rather than silently proceeding.",mixing analysis-only basis into filing-capable result paths | re-reading live systems during compute and still calling the result frozen | treating disposable read models as the compute source of truth,Compute modules must accept only manifest-frozen inputs and return durable artifact refs. | Deterministic hashing and replay attestation depend on compute being re-executable from Snapshot and ConfigFreeze alone.,"The invention claims outcome computation only when it is bound to Snapshot, manifest freeze, and deterministic replay controls."
BR_008,Analysis-only forecast and counterfactual segregation,inside_core_engine,compliance_vs_analysis_segregation,Algorithm/invention_and_system_boundary.md#5-outcome-computation | Algorithm/invention_and_system_boundary.md#boundary-rule-8-the-engine-owns-compliance-vs-analysis-segregation | Algorithm/replay_and_reproducibility_contract.md#counterfactual-analysis,DecisionBundle | Forecast artifacts | execution_mode_boundary_contract,compute service | operator principal,counterfactual basis | execution_mode | forecast request,analysis_only flags | execution_mode_boundary_contract | forecast artifacts,The engine owns this semantic rule and its durable state transitions; adjacent layers may invoke or deliver it but must not reinterpret it.,"Fail closed on scope, mode, policy, and authority-binding drift; preserve immutable manifest lineage and least-privilege evidence access.","Emit phase-bounded audit events, reason codes, hashes, and artifact refs sufficient to replay and defend the resulting posture.","Downgrade to blocked, review, or analysis-only posture with typed reasons rather than silently proceeding.",inferring counterfactual posture from UI labels instead of persisted mode boundaries | reusing analysis-mode artifacts on authority-facing mutation paths | treating advisory outputs as live compliance truth,"Forecasting, replay, and filing modules must serialize explicit analysis posture and block authority-facing side effects from it. | UI and API surfaces must present analysis posture without collapsing it into ordinary submit-ready workflow.",Advisory modeling is allowed only when the engine preserves a hard legal-effect boundary around non-compliance outputs.
BR_009,Parity comparison against authority values and prior submissions,inside_core_engine,parity_and_trust_not_authority_calculation,Algorithm/authority_interaction_protocol.md#9-2-protocol-scope | Algorithm/invention_and_system_boundary.md#6-risk-parity-and-trust | Algorithm/invention_and_system_boundary.md#boundary-rule-4-the-engine-owns-parity-and-trust-not-hmrc-s-own-calculations,AuthorityReference | CanonicalFact | SubmissionRecord | parity result,authority gateway | compute service | operator principal,authority reference values | internal compute result | prior submission refs,comparison facts | mismatch reasons | parity deltas,The engine owns this semantic rule and its durable state transitions; adjacent layers may invoke or deliver it but must not reinterpret it.,"Fail closed on scope, mode, policy, and authority-binding drift; preserve immutable manifest lineage and least-privilege evidence access.","Emit phase-bounded audit events, reason codes, hashes, and artifact refs sufficient to replay and defend the resulting posture.","Downgrade to blocked, review, or analysis-only posture with typed reasons rather than silently proceeding.",dropping prior-submission comparisons because internal compute succeeded | substituting internal optimism for authority-returned calculations | treating parity match as legal acknowledgement,Parity modules must treat authority values as comparison inputs with their own provenance and freshness posture. | Read-side twins and workflow planning must preserve mismatch detail rather than a single pass or fail bit.,"The engine owns the comparison logic, not the external authority's own calculation service."
BR_010,"Trust synthesis, gate evaluation, and bounded override handling",inside_core_engine,override_bounded_gate_evaluation,Algorithm/actor_and_authority_model.md#layer-4-exceptional-authority | Algorithm/core_engine.md#summary-technical-solution | Algorithm/invention_and_system_boundary.md#6-risk-parity-and-trust,ExceptionalAuthorityGrant | GateDecisionRecord | TrustSummary,approver | compute service | reviewer,override refs | parity results | quality metrics | risk signals,TrustSummary | filing readiness posture | gate decisions,The engine owns this semantic rule and its durable state transitions; adjacent layers may invoke or deliver it but must not reinterpret it.,"Fail closed on scope, mode, policy, and authority-binding drift; preserve immutable manifest lineage and least-privilege evidence access.","Emit phase-bounded audit events, reason codes, hashes, and artifact refs sufficient to replay and defend the resulting posture.","Downgrade to blocked, review, or analysis-only posture with typed reasons rather than silently proceeding.",implicit override without persisted approval evidence | treating workflow completion as trust synthesis | using broad human authority to bypass bounded gate semantics,Filing-readiness decisions must consume TrustSummary rather than ad hoc UI or worker heuristics. | Gate-order and override modules must preserve typed reason codes and bounded exceptional-authority evidence.,"Trust is a formulaic engine output grounded in quality, parity, risk, defense quality, and approved overrides."
BR_011,Evidence-linked provenance graph and proof binding,inside_core_engine,explainability_for_engine_created_states,Algorithm/core_engine.md#summary-technical-solution | Algorithm/invention_and_system_boundary.md#7-provenance-and-twin-formation | Algorithm/invention_and_system_boundary.md#boundary-rule-7-the-engine-owns-evidence-linked-explainability-for-all-states-it-creates,DecisionBundle | EvidenceGraph | ProofBundle | audit and provenance contract,compute service | graph service,authority acknowledgement refs | canonical facts | config refs | override refs | rule refs,EvidenceGraph | ProofBundle | traceable artifact bindings,The engine owns this semantic rule and its durable state transitions; adjacent layers may invoke or deliver it but must not reinterpret it.,"Fail closed on scope, mode, policy, and authority-binding drift; preserve immutable manifest lineage and least-privilege evidence access.","Emit phase-bounded audit events, reason codes, hashes, and artifact refs sufficient to replay and defend the resulting posture.","Downgrade to blocked, review, or analysis-only posture with typed reasons rather than silently proceeding.",dropping override or authority lineage from proof paths | opaque output with no evidence path | render-time joins standing in for persisted provenance,"Graph, proof, and audit implementations must share durable artifact identity rather than reconstructing explanations from UI state. | Retention and replay modules must preserve or tombstone decisive proof-path segments explicitly.",The inventive center includes the evidence-linked provenance closure that makes each material output defensible and replayable.
BR_012,TwinView and cross-source delta formation,inside_core_engine,twin_view_and_delta_exposure,Algorithm/core_engine.md#summary-technical-solution | Algorithm/invention_and_system_boundary.md#7-provenance-and-twin-formation,AuthorityComparisonFact | DecisionBundle | TwinView,compute service | graph service,authority references | canonical facts | internal compute results,TwinView | delta summaries | mismatch clusters,The engine owns this semantic rule and its durable state transitions; adjacent layers may invoke or deliver it but must not reinterpret it.,"Fail closed on scope, mode, policy, and authority-binding drift; preserve immutable manifest lineage and least-privilege evidence access.","Emit phase-bounded audit events, reason codes, hashes, and artifact refs sufficient to replay and defend the resulting posture.","Downgrade to blocked, review, or analysis-only posture with typed reasons rather than silently proceeding.",discarding provenance links when presenting deltas | flattening conflict detail into one status badge | letting clients compute their own unofficial twin from raw projections,"Later portal and governance read models should consume TwinView semantics instead of redefining mismatch posture locally. | Twin and reconciliation work must be durable engine artifacts, not only a presentation layer convenience.",The twin representation is an engine-authored artifact that exposes cross-source deltas without surrendering provenance.
BR_013,"Workflow planning from trust, parity, risk, data quality, and drift",inside_core_engine,workflow_planning,Algorithm/core_engine.md#summary-technical-solution | Algorithm/data_model.md#workflowitem | Algorithm/invention_and_system_boundary.md#8-workflow-planning,DecisionBundle | TrustSummary | TwinView | WorkflowItem,approver | reviewer | workflow service,TrustSummary | data health | drift posture | parity results | risk signals,WorkflowItem | review or remediation posture | routing hints,The engine owns this semantic rule and its durable state transitions; adjacent layers may invoke or deliver it but must not reinterpret it.,"Fail closed on scope, mode, policy, and authority-binding drift; preserve immutable manifest lineage and least-privilege evidence access.","Emit phase-bounded audit events, reason codes, hashes, and artifact refs sufficient to replay and defend the resulting posture.","Downgrade to blocked, review, or analysis-only posture with typed reasons rather than silently proceeding.",allowing notification delivery state to redefine workflow legality | generic task generation detached from evidence and trust posture | marking workflow complete as a substitute for authority truth,"Read-side inbox and portal views must consume workflow projections without promoting them above engine-owned legal posture. | Workflow modules must remain subordinate to trust, authority truth, and drift evidence rather than becoming an independent truth system.","Inside the engine, workflow planning is derived from evidence-backed decision posture, not from generic task-management mechanics."
BR_014,Filing packet formation and basis declaration,inside_core_engine,filing_intent_and_packet_not_authority_acceptance,Algorithm/authority_interaction_protocol.md#authority-interaction-protocol | Algorithm/invention_and_system_boundary.md#9-filing-packet-formation | Algorithm/invention_and_system_boundary.md#boundary-rule-3-the-engine-owns-filing-intent-and-packet-formation-not-authority-acceptance,AuthorityOperation | FilingPacket | RunManifest,client signatory | filing service | operator principal,DecisionBundle | authority operation profile | declared basis | manifest linkage,FilingPacket | basis declaration | manifest-linked packet identity,The engine owns this semantic rule and its durable state transitions; adjacent layers may invoke or deliver it but must not reinterpret it.,"Fail closed on scope, mode, policy, and authority-binding drift; preserve immutable manifest lineage and least-privilege evidence access.","Emit phase-bounded audit events, reason codes, hashes, and artifact refs sufficient to replay and defend the resulting posture.","Downgrade to blocked, review, or analysis-only posture with typed reasons rather than silently proceeding.","omitting basis, disclaimer, or manifest lineage from filing artifacts | treating packet build or local send intent as legal completion | using unscoped packet templates across different legal journeys",Authority-integration modules must separate packet construction semantics from transport or legal acknowledgement. | Later filing and amendment flows must preserve basis type and manifest linkage explicitly.,"The engine owns packet formation and intent declaration, but legal completion remains authority-controlled."
BR_015,"Submission intent, request identity, and SubmissionRecord persistence",inside_core_engine,filing_intent_and_packet_not_authority_acceptance,Algorithm/authority_interaction_protocol.md#9-1-boundary-rule | Algorithm/authority_interaction_protocol.md#9-3-core-protocol-objects | Algorithm/invention_and_system_boundary.md#10-submission-state-handling,AuthorityBinding | AuthorityOperation | AuthorityRequestEnvelope | SubmissionRecord,authority gateway | filing service,FilingPacket | authority binding | policy snapshot hash | token/client selection,SubmissionRecord | authority interaction lineage | idempotency_key | request_hash,The engine owns this semantic rule and its durable state transitions; adjacent layers may invoke or deliver it but must not reinterpret it.,"Fail closed on scope, mode, policy, and authority-binding drift; preserve immutable manifest lineage and least-privilege evidence access.","Emit phase-bounded audit events, reason codes, hashes, and artifact refs sufficient to replay and defend the resulting posture.","Downgrade to blocked, review, or analysis-only posture with typed reasons rather than silently proceeding.",deriving request identity from live transport state after the fact | rebinding a request onto a different authority link or token lineage | treating queue resend as new legal intent without idempotency checks,"Authority request builders, dedupe logic, and recovery tooling must reuse frozen request identity fields. | Submission state machines must preserve request-to-manifest linkage independently from UI or gateway retries.","Inside the engine boundary, submission intent is a governed identity-complete artifact set, not an ordinary HTTP send."
BR_016,Authenticated authority ingress normalization and acknowledgement-state interpretation,inside_core_engine,boundary_ingress_requires_auth_correlation_normalization,Algorithm/authority_interaction_protocol.md#9-1-boundary-rule | Algorithm/invention_and_system_boundary.md#10-submission-state-handling | Algorithm/invention_and_system_boundary.md::block::boundary-ingress-note | Algorithm/security_and_runtime_hardening_contract.md#5-service-to-service-and-network-hardening,AuthorityIngressReceipt | AuthorityInteractionRecord | AuthorityResponseEnvelope | SubmissionRecord,authority gateway | filing service | ingress worker,authority reference | dedupe key | provider callback or poll payload | request lineage,acknowledgement state | legal-state mutation inputs | normalized authority artifacts,The engine owns this semantic rule and its durable state transitions; adjacent layers may invoke or deliver it but must not reinterpret it.,"Fail closed on scope, mode, policy, and authority-binding drift; preserve immutable manifest lineage and least-privilege evidence access.","Emit phase-bounded audit events, reason codes, hashes, and artifact refs sufficient to replay and defend the resulting posture.","Downgrade to blocked, review, or analysis-only posture with typed reasons rather than silently proceeding.",equating transport success or silence with CONFIRMED acknowledgement | skipping quarantine for ambiguous or duplicate ingress | treating a callback or imported notice as legal truth before authentication and correlation,"Authority ingress pipelines must persist authenticated receipts before normalization and state mutation. | Submission lifecycle, drift, and portal projections must distinguish PENDING, CONFIRMED, REJECTED, UNKNOWN, and OUT_OF_BAND states explicitly.",Authority-side messages remain outside-engine signals until the engine turns them into governed authority artifacts.
BR_017,Semantic read-side legal posture projection,inside_core_engine,exact_scope_posture_not_client_flattening,Algorithm/invention_and_system_boundary.md#10a-read-side-legal-posture-projection | Algorithm/invention_and_system_boundary.md#boundary-rule-5b-the-engine-owns-exact-scope-posture-not-client-wide-flattening | Algorithm/northbound_api_and_session_contract.md#1-core-principles,ClientPortalWorkspace | DecisionBundle | ExperienceDelta | LowNoiseExperienceFrame | TenantGovernanceSnapshot | WorkInboxSnapshot,product clients | read-side projector,durable command-side truth | manifest_id | masking context | scope bindings,ExperienceDelta | machine-stable posture artifacts | route-visible read models,The engine owns this semantic rule and its durable state transitions; adjacent layers may invoke or deliver it but must not reinterpret it.,"Fail closed on scope, mode, policy, and authority-binding drift; preserve immutable manifest lineage and least-privilege evidence access.","Emit phase-bounded audit events, reason codes, hashes, and artifact refs sufficient to replay and defend the resulting posture.","Downgrade to blocked, review, or analysis-only posture with typed reasons rather than silently proceeding.","flattening client, partition, or obligation scope into one generic status | letting browsers or native shells reinterpret legal posture heuristically | treating stream transport fields as command-side truth","Future frontend implementations should consume engine-authored frames, deltas, and portal workspaces rather than inventing local truth. | Read-model and API contracts must preserve exact-scope posture and shell continuity without re-authoring legal semantics.",The engine owns the semantic content of route-visible posture even though client runtime and transport live outside the core.
BR_018,Drift classification and amendment recommendation,inside_core_engine,amendment_recommendation_not_unrestricted_amendment_right,Algorithm/authority_interaction_protocol.md#9-2-protocol-scope | Algorithm/invention_and_system_boundary.md#11-drift-and-amendment-recommendation | Algorithm/invention_and_system_boundary.md#boundary-rule-5-the-engine-owns-amendment-recommendation-not-unrestricted-amendment-rights,DecisionBundle | SubmissionRecord | WorkflowItem | drift monitor,drift monitor | operator principal | reviewer,authority timeline | filing baseline | later evidence | later runs,amendment recommendation | drift classification | review workflow,The engine owns this semantic rule and its durable state transitions; adjacent layers may invoke or deliver it but must not reinterpret it.,"Fail closed on scope, mode, policy, and authority-binding drift; preserve immutable manifest lineage and least-privilege evidence access.","Emit phase-bounded audit events, reason codes, hashes, and artifact refs sufficient to replay and defend the resulting posture.","Downgrade to blocked, review, or analysis-only posture with typed reasons rather than silently proceeding.",assuming HMRC amendment acceptance from internal recommendation | mutating the original filing baseline instead of creating explicit amendment lineage | treating detected drift as automatic amendment authority,"Amendment flows must separate recommendable drift from legally permitted amendment attempts. | Later authority-integration work must keep amendment intent, amendment submit, and authority acceptance as distinct states.",The engine decides whether amendment review is justified; the authority still controls legal amendment acceptance.
BR_019,"Retention, expiry, erasure, and limitation propagation governance",inside_core_engine,retention_and_limitation_governance,Algorithm/invention_and_system_boundary.md#12-retention-and-erasure-governance | Algorithm/retention_and_privacy.md#expiry-and-limitation-behavior | Algorithm/retention_and_privacy.md#retention-and-privacy,ArtifactRetention | DecisionBundle | ErasureProof | EvidenceGraph | RetentionTag,audit investigator | privacy workflow | retention service,artifact refs | legal hold state | proof-preservation state | retention basis,ArtifactRetention | RetentionTag | erasure proofs | limitation notes,The engine owns this semantic rule and its durable state transitions; adjacent layers may invoke or deliver it but must not reinterpret it.,"Fail closed on scope, mode, policy, and authority-binding drift; preserve immutable manifest lineage and least-privilege evidence access.","Emit phase-bounded audit events, reason codes, hashes, and artifact refs sufficient to replay and defend the resulting posture.","Downgrade to blocked, review, or analysis-only posture with typed reasons rather than silently proceeding.","serializing expired or masked data as zero, false, or not observed | silently deleting decisive support while preserving filing-capable posture | treating retention as storage-only housekeeping rather than semantic governance","Later storage and recovery tasks must preserve replay basis hashes and erasure-proof lineage even when payload content is minimized. | Retention services must propagate limitation posture into proof, replay, and portal surfaces explicitly.","Retention is inside the boundary because the engine governs how expiry and erasure change explainability, trust, and replay posture."
BR_020,"Lineage-safe replay, recovery, continuation, and supersession governance",inside_core_engine,lineage_safe_replay_recovery_continuation,Algorithm/invention_and_system_boundary.md#boundary-rule-5a-the-engine-owns-lineage-safe-replay-recovery-and-continuation-decisions | Algorithm/invention_and_system_boundary.md#positive-boundary-what-is-inside-the-invention | Algorithm/replay_and_reproducibility_contract.md#purpose,ReplayAttestation | RunManifest | continuation_set | replay_and_reproducibility_contract.md,manifest orchestrator | recovery worker | replay service,continuation request | execution basis hash | historical manifest | post-seal basis,ReplayAttestation | continuation lineage | recovery posture,The engine owns this semantic rule and its durable state transitions; adjacent layers may invoke or deliver it but must not reinterpret it.,"Fail closed on scope, mode, policy, and authority-binding drift; preserve immutable manifest lineage and least-privilege evidence access.","Emit phase-bounded audit events, reason codes, hashes, and artifact refs sufficient to replay and defend the resulting posture.","Downgrade to blocked, review, or analysis-only posture with typed reasons rather than silently proceeding.",silently superseding prior manifests instead of binding explicit lineage | treating lineage-safe continuation as generic queue retry | using fresh authority reads during exact recovery,"Manifest, replay, and recovery modules must share one exact lineage vocabulary and comparison contract. | Recovery and restore automation must respect persisted reconciliation control rather than re-opening live authority behaviour heuristically.","Replay, recovery, continuation, and supersession are named engine capabilities, not incidental runtime behaviours."
BR_021,Evidence-linked explainability for engine-created states,inside_core_engine,explainability_for_engine_created_states,Algorithm/core_engine.md#practical-technical-effect | Algorithm/invention_and_system_boundary.md#boundary-rule-7-the-engine-owns-evidence-linked-explainability-for-all-states-it-creates | Algorithm/northbound_api_and_session_contract.md#1-core-principles,AuditInvestigationFrame | DecisionBundle | EnquiryPack | EvidenceGraph,audit investigator | graph service | read-side projector,authority refs | config refs | evidence refs | manifest refs | override refs,enquiry-pack artifacts | investigation frames | proof paths | reason codes,The engine owns this semantic rule and its durable state transitions; adjacent layers may invoke or deliver it but must not reinterpret it.,"Fail closed on scope, mode, policy, and authority-binding drift; preserve immutable manifest lineage and least-privilege evidence access.","Emit phase-bounded audit events, reason codes, hashes, and artifact refs sufficient to replay and defend the resulting posture.","Downgrade to blocked, review, or analysis-only posture with typed reasons rather than silently proceeding.",a final status label with no evidence path | customer-safe or masked views that hide limitations silently | explanations that exist only in transient logs,"Any later explanation, audit, or portal surface must degrade gracefully via typed limitation entries rather than vague copy. | Future automation and review agents can only rely on states that remain explainable through durable evidence and config lineage.","Rule 7 is broader than graph construction: every state the engine creates must remain explainable back to manifest, evidence, config, overrides, and authority acknowledgement."
BR_022,Compliance-vs-analysis execution boundary enforcement,inside_core_engine,compliance_vs_analysis_segregation,Algorithm/invention_and_system_boundary.md#boundary-rule-8-the-engine-owns-compliance-vs-analysis-segregation | Algorithm/invention_and_system_boundary.md#practical-technical-effect | Algorithm/replay_and_reproducibility_contract.md#counterfactual-analysis,DecisionBundle | FilingPacket | ReplayAttestation | execution_mode_boundary_contract,compute service | filing service | replay service,analysis_only | counterfactual_basis | execution_mode | legal_effect_boundary,blocked legal-effect posture | disclosure reason codes | execution_mode_boundary_contract,The engine owns this semantic rule and its durable state transitions; adjacent layers may invoke or deliver it but must not reinterpret it.,"Fail closed on scope, mode, policy, and authority-binding drift; preserve immutable manifest lineage and least-privilege evidence access.","Emit phase-bounded audit events, reason codes, hashes, and artifact refs sufficient to replay and defend the resulting posture.","Downgrade to blocked, review, or analysis-only posture with typed reasons rather than silently proceeding.",analysis-only or replay-only outputs flowing onto live submit paths | collapsing COMPLIANCE and ANALYSIS into one generic mode label | inferring filing capability from successful compute alone,"Authority-facing modules must reject any artifact whose execution boundary remains analysis or counterfactual. | Future replay, forecast, filing, and read-model work must branch on persisted execution-mode boundaries rather than UI state.","The engine must preserve a durable legal-effect boundary around all modeled, replay-only, or counterfactual results."
BR_023,Controlled authority gateway transport and callback channel,controlled_edge,controlled_authority_channel_not_core_logic,Algorithm/authority_interaction_protocol.md#authority-interaction-protocol | Algorithm/deployment_and_resilience_contract.md#1-reference-runtime-topology | Algorithm/invention_and_system_boundary.md#system-boundary,AuthorityIngressReceipt | AuthorityRequestEnvelope | controlled authority gateway,authority gateway | filing service,AuthorityRequestEnvelope | callback deliveries | provider credentials,delivery dedupe keys | raw callback payloads | transport responses,"The engine may instruct or consume this edge capability through typed contracts, but the edge must not promote payloads to canonical truth or mutate legal state on its own.","Bind edge execution to explicit client, scope, token, and egress controls; keep secret custody and transport dedupe outside disposable projections.","Persist transport lineage, dedupe keys, quarantine state, and receipt evidence before engine adoption.","Quarantine, bounded-retry, or surface unavailable-edge posture; do not synthesize engine truth from transport success alone.",letting provider-specific transport logic redefine submission state | mutating legal posture directly from gateway callbacks | treating transport success as proof of legal completion,Authority integration work must keep provider HTTP mechanics behind the boundary while reusing engine-authored request identity and ingress normalization rules. | Recovery and DR paths must rebuild transport queues from durable engine truth rather than from gateway-local memory.,"The gateway is necessary infrastructure, but the engine still owns intent, request identity, normalization, and legal-state interpretation."
BR_024,Connector worker execution and retry orchestration,controlled_edge,controlled_connector_use_not_generic_etl,Algorithm/deployment_and_resilience_contract.md#1-reference-runtime-topology | Algorithm/invention_and_system_boundary.md#b-what-is-outside-the-core-engine-but-still-inside-the-broader-product | Algorithm/invention_and_system_boundary.md#negative-boundary-what-is-not-the-invention,ConnectorBinding | SourceCollectionRun | connector workers,connector service | manifest orchestrator,connector binding | fetch jobs | scoped payload requests,fetch audit refs | provider payloads | retry metadata,"The engine may instruct or consume this edge capability through typed contracts, but the edge must not promote payloads to canonical truth or mutate legal state on its own.","Bind edge execution to explicit client, scope, token, and egress controls; keep secret custody and transport dedupe outside disposable projections.","Persist transport lineage, dedupe keys, quarantine state, and receipt evidence before engine adoption.","Quarantine, bounded-retry, or surface unavailable-edge posture; do not synthesize engine truth from transport success alone.",claiming generic ETL runtime as the inventive center | letting connector retry state decide legal continuation or scope widening | promoting fetched payloads directly into compute without Snapshot formation,Collection and normalization tasks must document when payloads cross from connector runtime into engine-governed artifacts. | Connector modules should remain thin transport executors behind engine-owned fetch intent and scope controls.,"The corpus allows controlled connector use, but it explicitly disclaims generic ETL or simple connector products as the invention."
BR_025,OCR and document-extraction runtime,controlled_edge,controlled_ocr_not_inventive_center,Algorithm/canonical_source_and_evidence_taxonomy.md#class-e-documentary-evidence | Algorithm/invention_and_system_boundary.md#b-what-is-outside-the-core-engine-but-still-inside-the-broader-product | Algorithm/invention_and_system_boundary.md#negative-boundary-what-is-not-the-invention,EvidenceItem | OCR runtime | document extraction worker,OCR service | operator reviewer,extraction model configuration | quarantine results | uploaded documents,candidate spans | document-derived payloads | extracted text,"The engine may instruct or consume this edge capability through typed contracts, but the edge must not promote payloads to canonical truth or mutate legal state on its own.","Bind edge execution to explicit client, scope, token, and egress controls; keep secret custody and transport dedupe outside disposable projections.","Persist transport lineage, dedupe keys, quarantine state, and receipt evidence before engine adoption.","Quarantine, bounded-retry, or surface unavailable-edge posture; do not synthesize engine truth from transport success alone.",allowing OCR confidence to bypass normalization and validation | claiming generic document extraction as the inventive center | treating OCR output as canonical truth,Document-ingestion work must preserve a hard handoff from extraction output into engine-owned candidate-fact and Snapshot logic. | Security and privacy controls must quarantine unsafe documents before any retained evidence path is formed.,OCR is an adjacent runtime that supports evidence acquisition but does not itself define engine truth.
BR_026,"Transactional ingress checkpoint for callbacks, polls, and imported notices",controlled_edge,boundary_ingress_requires_auth_correlation_normalization,Algorithm/deployment_and_resilience_contract.md#5-backup-restore-and-dr-rules | Algorithm/invention_and_system_boundary.md::block::boundary-ingress-note | Algorithm/security_and_runtime_hardening_contract.md#5-service-to-service-and-network-hardening,AuthorityIngressReceipt | quarantine queue | transactional inbox,authority gateway | ingress worker,dedupe keys | provider channel auth | provider deliveries | request lineage hints,AuthorityIngressReceipt | canonical_ingress_receipt_ref | quarantine posture,"The engine may instruct or consume this edge capability through typed contracts, but the edge must not promote payloads to canonical truth or mutate legal state on its own.","Bind edge execution to explicit client, scope, token, and egress controls; keep secret custody and transport dedupe outside disposable projections.","Persist transport lineage, dedupe keys, quarantine state, and receipt evidence before engine adoption.","Quarantine, bounded-retry, or surface unavailable-edge posture; do not synthesize engine truth from transport success alone.",normalizing ingress before authenticating the provider channel | recovering ingress correlation from transport timestamps alone | treating duplicate or weakly-bound ingress as safe legal truth,"Authority ingress pipelines must persist receipt-proof artifacts that later normalization and reconciliation consume. | Restore and replay tooling must rebuild unresolved authority work from persisted ingress receipts, not from broker-local retries.",This checkpoint is outside the inventive core but is the controlled edge the core depends on before it may normalize authority-side signals.
BR_027,Scoped external-data fetch transport,controlled_edge,controlled_fetch_transport_not_raw_truth,Algorithm/invention_and_system_boundary.md#3-evidence-acquisition-as-engine-controlled-intake | Algorithm/invention_and_system_boundary.md#boundary-rule-2-the-engine-owns-canonicalization-not-raw-source-truth | Algorithm/security_and_runtime_hardening_contract.md#5-service-to-service-and-network-hardening,SourceRecord | connector transport | source fetch adapters,connector service | external provider systems,connector binding | egress allowlist | engine-authored fetch request,SourceRecord bodies | fetch receipts | raw payload capture,"The engine may instruct or consume this edge capability through typed contracts, but the edge must not promote payloads to canonical truth or mutate legal state on its own.","Bind edge execution to explicit client, scope, token, and egress controls; keep secret custody and transport dedupe outside disposable projections.","Persist transport lineage, dedupe keys, quarantine state, and receipt evidence before engine adoption.","Quarantine, bounded-retry, or surface unavailable-edge posture; do not synthesize engine truth from transport success alone.",equating captured payload bytes with canonical facts | letting fetch transport infer scope or data quality locally | treating external provider availability as equivalent to engine readiness,Connector and import adapters must preserve raw payload identity and provider context without inventing canonical meaning. | Later source-taxonomy work should keep raw-source truth outside the core until normalization is complete.,"External fetch transport is a boundary edge: necessary for intake, but insufficient on its own to create engine truth."
BR_028,"User-interface rendering, dashboards, and front-end layout",broader_product_outside_core,semantic_posture_not_renderer_layout,Algorithm/invention_and_system_boundary.md#b-what-is-outside-the-core-engine-but-still-inside-the-broader-product | Algorithm/invention_and_system_boundary.md#negative-boundary-what-is-not-the-invention | Algorithm/northbound_api_and_session_contract.md#purpose,browser UI | design system | frontend shells | native UI,browser client | native operator client,design tokens | engine-authored read models | route state,layout | pixels | surface components,"The broader product may render, secure, route, or transport engine-authored artifacts, but it must not infer or mutate core legal posture locally.","Enforce session binding, cache partitioning, least privilege, and secret isolation so delivery layers cannot widen scope or leak protected data.",Capture delivery/runtime evidence separately from engine decision evidence and keep projection rebuild paths independent from command-side truth.,"Rebase, require re-authentication, or fall back to read-only recovery; do not rewrite engine truth to preserve UX continuity.","claiming styling, dashboards, or layout as the inventive center | letting visible convenience labels outrank typed reason codes | redefining legal posture through renderer-local copy or badges","Design and shell tasks should treat layout as delivery, not as the source of legal meaning. | Frontend work must preserve engine-authored semantics while remaining free to change layout, styling, and component composition.","UI rendering is product embodiment, not the invention as such; only the semantic posture the UI consumes belongs inside the engine."
BR_029,"Staff console, client portal, and admin-console surface embodiment",broader_product_outside_core,product_surface_embodiment_not_engine,Algorithm/invention_and_system_boundary.md#10a-read-side-legal-posture-projection | Algorithm/invention_and_system_boundary.md#b-what-is-outside-the-core-engine-but-still-inside-the-broader-product | Algorithm/northbound_api_and_session_contract.md#2-required-northbound-surfaces,ClientPortalWorkspace | TenantGovernanceSnapshot | admin console | staff console,client users | governance users | operators | product clients,engine-authored snapshots | governance read models | portal workspaces,governance views | portal routes | surface-specific embodiments,"The broader product may render, secure, route, or transport engine-authored artifacts, but it must not infer or mutate core legal posture locally.","Enforce session binding, cache partitioning, least privilege, and secret isolation so delivery layers cannot widen scope or leak protected data.",Capture delivery/runtime evidence separately from engine decision evidence and keep projection rebuild paths independent from command-side truth.,"Rebase, require re-authentication, or fall back to read-only recovery; do not rewrite engine truth to preserve UX continuity.","re-authoring scope, authority, or workflow semantics per surface | treating portal or admin-console state as command-side truth | using console-local session state to bypass engine truth","Frontend and northbound tasks must model distinct portal, operator, and governance surfaces as consumers of engine-authored semantics. | Route-specific read models should remain replaceable without changing the underlying legal posture vocabulary.","The product includes many surfaces, but none of them becomes the source of manifest, authority, or legal-state truth."
BR_030,"Northbound API gateway, session management, and experience-stream transport",broader_product_outside_core,core_semantics_vs_northbound_transport,Algorithm/invention_and_system_boundary.md#b-what-is-outside-the-core-engine-but-still-inside-the-broader-product | Algorithm/northbound_api_and_session_contract.md#1-core-principles | Algorithm/northbound_api_and_session_contract.md#purpose,ApiCommandReceipt | experience stream transport | northbound API gateway,API gateway | browser client | native client,ETags | commands | resume tokens | session state,command receipts | problem envelopes | snapshot transport | stream events,"The broader product may render, secure, route, or transport engine-authored artifacts, but it must not infer or mutate core legal posture locally.","Enforce session binding, cache partitioning, least privilege, and secret isolation so delivery layers cannot widen scope or leak protected data.",Capture delivery/runtime evidence separately from engine decision evidence and keep projection rebuild paths independent from command-side truth.,"Rebase, require re-authentication, or fall back to read-only recovery; do not rewrite engine truth to preserve UX continuity.",promoting ExperienceDelta or receipt transport fields into command truth | treating partial POST success as legal state | using reconnect logic to invent missing transitions client-side,"API and streaming work must preserve command/read separation, stale-view guards, and duplicate suppression at the edge. | Frontend flows must recover via durable receipts and snapshot rebase rather than by replaying writes heuristically.","Northbound delivery is required for the product, but the contract itself says command-side truth remains inside the core engine."
BR_031,"Platform routing, scene restoration, and window choreography",broader_product_outside_core,route_shell_choreography_not_engine_truth,Algorithm/invention_and_system_boundary.md#b-what-is-outside-the-core-engine-but-still-inside-the-broader-product | Algorithm/northbound_api_and_session_contract.md#1-core-principles,route controller | scene restoration | shell continuity metadata | window choreography,browser client | native client,object_anchor_ref | restoration metadata | shell_family | shell_route_key,focus anchors | restored windows | route transitions,"The broader product may render, secure, route, or transport engine-authored artifacts, but it must not infer or mutate core legal posture locally.","Enforce session binding, cache partitioning, least privilege, and secret isolation so delivery layers cannot widen scope or leak protected data.",Capture delivery/runtime evidence separately from engine decision evidence and keep projection rebuild paths independent from command-side truth.,"Rebase, require re-authentication, or fall back to read-only recovery; do not rewrite engine truth to preserve UX continuity.",letting local choreography rewrite scope or authority posture | restoring UI selection without the underlying engine-authored stability contract | treating a route alias as a new legal object or scope,Desktop and browser shell work must consume route-stable engine posture fields without inventing a second interaction grammar. | Recovery UX should prefer rebase and stable anchors over local recreation of missing state.,Routing and restoration consume engine-authored shell semantics but do not themselves define what the legal posture means.
BR_032,"Identity, session, step-up, CSRF, and device-binding runtime controls",broader_product_outside_core,runtime_identity_and_secret_hardening_not_engine,Algorithm/invention_and_system_boundary.md#b-what-is-outside-the-core-engine-but-still-inside-the-broader-product | Algorithm/security_and_runtime_hardening_contract.md#2-identity-session-and-command-trust,ActorSession | CSRF protections | device binding | session gateway,browser client | identity provider | native client,OIDC or OAuth identity | revocation state | session binding | step-up policy,ActorSession | device-bound session posture | revocation audit,"The broader product may render, secure, route, or transport engine-authored artifacts, but it must not infer or mutate core legal posture locally.","Enforce session binding, cache partitioning, least privilege, and secret isolation so delivery layers cannot widen scope or leak protected data.",Capture delivery/runtime evidence separately from engine decision evidence and keep projection rebuild paths independent from command-side truth.,"Rebase, require re-authentication, or fall back to read-only recovery; do not rewrite engine truth to preserve UX continuity.",allowing stale or replayed commands to masquerade as valid engine intent | smuggling session runtime controls into engine semantics | treating client-held tokens as the only trust boundary,"Access-control and northbound work must validate every command against live session posture while preserving a separate engine authorization record. | Frontend clients should lean on server-issued session state, not local trust shortcuts, for privileged actions.",Session and command-trust hardening protects the engine but is defined as broader-product runtime control rather than inventive core logic.
BR_033,"Token vault, OAuth session maintenance, and key or secret lifecycle custody",broader_product_outside_core,runtime_identity_and_secret_hardening_not_engine,Algorithm/invention_and_system_boundary.md#b-what-is-outside-the-core-engine-but-still-inside-the-broader-product | Algorithm/security_and_runtime_hardening_contract.md#3-secret-key-and-token-handling,KMS or HSM boundary | OAuth session maintenance | SecretVersion | token vault,authority gateway | identity provider | security operator,authority link refs | secret rotation state | token lineage,rotation evidence | secret-version lineage | token refs,"The broader product may render, secure, route, or transport engine-authored artifacts, but it must not infer or mutate core legal posture locally.","Enforce session binding, cache partitioning, least privilege, and secret isolation so delivery layers cannot widen scope or leak protected data.",Capture delivery/runtime evidence separately from engine decision evidence and keep projection rebuild paths independent from command-side truth.,"Rebase, require re-authentication, or fall back to read-only recovery; do not rewrite engine truth to preserve UX continuity.","claiming mere token or OAuth handling as the invention | keeping raw authority tokens in queues, read models, or logs | using secret rotation to silently rebind a request to a different client context","Authority transport, recovery, and release work must treat secret custody as a separate runtime boundary from engine-owned request identity. | Security automation should preserve token-binding lineage without turning secret storage into command-side truth.",Provider-specific credential custody mechanics remain outside the core even though the engine depends on them lawfully.
BR_034,Notification delivery,broader_product_outside_core,notification_delivery_not_engine_decisioning,Algorithm/actor_and_authority_model.md#c-service-principals | Algorithm/invention_and_system_boundary.md#b-what-is-outside-the-core-engine-but-still-inside-the-broader-product,email provider | notification service | push delivery channel,client user | notification service | operator,customer-safe projection | delivery channel config | workflow posture,delivery receipts | emails | push notifications,"The broader product may render, secure, route, or transport engine-authored artifacts, but it must not infer or mutate core legal posture locally.","Enforce session binding, cache partitioning, least privilege, and secret isolation so delivery layers cannot widen scope or leak protected data.",Capture delivery/runtime evidence separately from engine decision evidence and keep projection rebuild paths independent from command-side truth.,"Rebase, require re-authentication, or fall back to read-only recovery; do not rewrite engine truth to preserve UX continuity.",letting channel failure rewrite underlying engine posture | serializing internal-only reason codes directly into customer messaging | treating a delivered notification as legal or workflow completion,"Later messaging integrations should read customer-safe projections from the engine and keep delivery state orthogonal. | Workflow and portal modules must treat notification delivery as side-effectful communication, never as the source of truth.",Notifications communicate engine posture but do not define or complete it.
BR_035,"Durable storage, object store, queue, cache, and observability runtime",broader_product_outside_core,runtime_topology_not_engine,Algorithm/deployment_and_resilience_contract.md#1-reference-runtime-topology | Algorithm/invention_and_system_boundary.md#b-what-is-outside-the-core-engine-but-still-inside-the-broader-product | Algorithm/security_and_runtime_hardening_contract.md#6-data-protection-privacy-and-cache-safety,append-only audit store | cache | object store | observability stack | primary control store | queue or broker,operators | platform runtime | workers,cache partition keys | engine-authored artifacts | outbox or inbox truth,cache entries | queue deliveries | stored artifact bodies | telemetry,"The broader product may render, secure, route, or transport engine-authored artifacts, but it must not infer or mutate core legal posture locally.","Enforce session binding, cache partitioning, least privilege, and secret isolation so delivery layers cannot widen scope or leak protected data.",Capture delivery/runtime evidence separately from engine decision evidence and keep projection rebuild paths independent from command-side truth.,"Rebase, require re-authentication, or fall back to read-only recovery; do not rewrite engine truth to preserve UX continuity.",rebuilding truth from read models instead of durable command-side artifacts | reusing cache entries across tenants or masking postures | treating the queue or cache as the legal system of record,"Infrastructure work must keep durable truth rebuildable from manifests, audit evidence, and authority records. | Projection and cache systems should remain disposable and partition-safe, especially across tenant and masking boundaries.","Runtime topology is essential for operability, but the corpus explicitly keeps legal truth and inventive semantics out of queues, caches, and delivery substrates."
BR_036,"Schema migration, release admission, rollback, backup, restore, DR, and packaging control plane",broader_product_outside_core,release_resilience_not_engine,Algorithm/deployment_and_resilience_contract.md#6-rollout-rollback-and-fail-forward-posture | Algorithm/deployment_and_resilience_contract.md#deployment-and-resilience-contract | Algorithm/invention_and_system_boundary.md#b-what-is-outside-the-core-engine-but-still-inside-the-broader-product,BuildArtifact | DeploymentRelease | RecoveryCheckpoint | SchemaMigrationLedger,operators | platform runtime | release engineer,build artifacts | migration plan | restore evidence | schema bundle,compatibility gates | deployment releases | restore drills | rollback or fail-forward posture,"The broader product may render, secure, route, or transport engine-authored artifacts, but it must not infer or mutate core legal posture locally.","Enforce session binding, cache partitioning, least privilege, and secret isolation so delivery layers cannot widen scope or leak protected data.",Capture delivery/runtime evidence separately from engine decision evidence and keep projection rebuild paths independent from command-side truth.,"Rebase, require re-authentication, or fall back to read-only recovery; do not rewrite engine truth to preserve UX continuity.",blindly replaying live authority mutations during restore or DR | rolling back legal truth by deleting or obscuring persisted evidence | treating release automation as the inventive core,"Future platform tasks should model fail-forward and restore evidence as runtime governance, not as substitutions for engine lineage. | Release, migration, and recovery work must preserve manifest, audit, privacy, and authority guarantees rather than redefining them.","Promotion, rollback, restore, and packaging are broader-product control-plane functions that protect the engine without becoming its inventive center."
BR_037,"Standalone advisory forecasting disconnected from manifest, trust, and provenance governance",broader_product_outside_core,standalone_forecasting_outside_invention,Algorithm/invention_and_system_boundary.md#boundary-rule-8-the-engine-owns-compliance-vs-analysis-segregation | Algorithm/invention_and_system_boundary.md#negative-boundary-what-is-not-the-invention,advisory model | analysis workspace | forecast UI,analyst | operator,advisory assumptions | what-if inputs,advisory scenarios | standalone forecasts,"The broader product may render, secure, route, or transport engine-authored artifacts, but it must not infer or mutate core legal posture locally.","Enforce session binding, cache partitioning, least privilege, and secret isolation so delivery layers cannot widen scope or leak protected data.",Capture delivery/runtime evidence separately from engine decision evidence and keep projection rebuild paths independent from command-side truth.,"Rebase, require re-authentication, or fall back to read-only recovery; do not rewrite engine truth to preserve UX continuity.","claiming disconnected forecasting as the invention | omitting manifest, trust, or provenance boundaries around analysis products | reusing ungoverned advisory output inside filing-capable flows",Any advisory-only tooling must remain clearly outside filing-capable paths unless it is reintroduced through the governed engine boundary. | Forecast features should either serialize execution-mode boundaries or stay explicitly outside the core decision spine.,"The corpus explicitly excludes standalone forecasting models that are disconnected from manifest freeze, trust, and provenance governance."
BR_038,"Identity issuance, HMRC sign-up, and agent authorisation setup",external_authority_or_actor,identity_issuance_outside_engine,Algorithm/authority_interaction_protocol.md#9-1-boundary-rule | Algorithm/invention_and_system_boundary.md#1-hmrc-sign-up-and-agent-authorisation-setup | Algorithm/invention_and_system_boundary.md#boundary-rule-1-the-engine-owns-decisions-not-identity-issuance,HMRC sign-up flow | agent services account | authority-issued identity,HMRC | agent | reporting subject,authority onboarding data | external identity proofing,authorisation grants | authority account creation | delegation setup,"The engine may guide, request, compare, record, or react to this function, but it cannot absorb, impersonate, or overwrite the external actor's authority.",Treat external state as untrusted until authenticated and correlated; never derive identity issuance or legal truth from local convenience.,"Record handoff, acknowledgement, comparison, and provenance evidence so external truth and internal intent remain distinguishable.","Remain pending, blocked, or advisory-only until external resolution exists; never assume success from silence or local intent.",implementing HMRC sign-up or primary identity issuance inside the engine | treating local tenant policy as equivalent to authority-issued identity | using RPA or local shortcuts to absorb prohibited sign-up journeys,Authority-link and delegation modules must validate imported or existing authority context instead of fabricating it. | User journeys should treat sign-up as an external prerequisite and surface bounded handoff or prerequisite failure posture.,"Identity proofing, sign-up, and primary authority issuance remain with HMRC or the relevant external provider."
BR_039,HMRC-online-services-only tasks and provider-hosted journeys,external_authority_or_actor,guide_not_absorb_hmrc_online_services_only,Algorithm/invention_and_system_boundary.md#2-hmrc-online-services-only-tasks | Algorithm/invention_and_system_boundary.md#boundary-rule-6-the-engine-may-guide-users-to-hmrc-online-services-but-does-not-absorb-hmrc-only-tasks,HMRC online services | external session | system browser handoff,HMRC online service | agent | reporting subject,external-service URLs | task eligibility guidance | user intent,external-task completion | handoff context,"The engine may guide, request, compare, record, or react to this function, but it cannot absorb, impersonate, or overwrite the external actor's authority.",Treat external state as untrusted until authenticated and correlated; never derive identity issuance or legal truth from local convenience.,"Record handoff, acknowledgement, comparison, and provenance evidence so external truth and internal intent remain distinguishable.","Remain pending, blocked, or advisory-only until external resolution exists; never assume success from silence or local intent.",presenting guided handoff as if the engine completed the task itself | reimplementing HMRC-only journeys inside product flows | using embedded trusted web surfaces to blur the authority boundary,"Portal and operator journeys must model formal boundary crossings for HMRC-only tasks. | Workflow and posture layers may guide, link, or track completion evidence, but they must not absorb the task semantics.","The lawful engine relationship is guidance and handoff, not absorption of HMRC-reserved journeys."
BR_040,Authority-owned legal submission truth,external_authority_or_actor,authority_acceptance_and_legal_truth_external,Algorithm/actor_and_authority_model.md#layer-5-authority-of-record-precedence | Algorithm/invention_and_system_boundary.md#3-authority-owned-legal-status | Algorithm/invention_and_system_boundary.md#boundary-rule-3-the-engine-owns-filing-intent-and-packet-formation-not-authority-acceptance,Authority of Record | authority acknowledgement | submission legal status,HMRC | authority system,authority acknowledgement | authority status feeds | authority-side corrections,authority-defined submission truth | legal status,"The engine may guide, request, compare, record, or react to this function, but it cannot absorb, impersonate, or overwrite the external actor's authority.",Treat external state as untrusted until authenticated and correlated; never derive identity issuance or legal truth from local convenience.,"Record handoff, acknowledgement, comparison, and provenance evidence so external truth and internal intent remain distinguishable.","Remain pending, blocked, or advisory-only until external resolution exists; never assume success from silence or local intent.",allowing workflow completion to outrank authority acknowledgement | rewriting authority truth from internal convenience or timeout heuristics | treating internal submitted or done labels as legal truth,"Any state machine that surfaces filing posture must keep authority precedence explicit and typed. | Submission, portal, and governance work must preserve a hard boundary between internal intent and authority-owned truth.","The engine records and interprets authority truth, but it does not own or replace it."
BR_041,HMRC's own calculation service,external_authority_or_actor,parity_and_trust_not_authority_calculation,Algorithm/authority_interaction_protocol.md#9-2-protocol-scope | Algorithm/invention_and_system_boundary.md#4-hmrc-s-own-calculation-service | Algorithm/invention_and_system_boundary.md#boundary-rule-4-the-engine-owns-parity-and-trust-not-hmrc-s-own-calculations,AuthorityReference | HMRC calculation service,HMRC | authority gateway | compute service,authority calculation result | calculation request,authority calculation | comparison input,"The engine may guide, request, compare, record, or react to this function, but it cannot absorb, impersonate, or overwrite the external actor's authority.",Treat external state as untrusted until authenticated and correlated; never derive identity issuance or legal truth from local convenience.,"Record handoff, acknowledgement, comparison, and provenance evidence so external truth and internal intent remain distinguishable.","Remain pending, blocked, or advisory-only until external resolution exists; never assume success from silence or local intent.",claiming authority calculation retrieval as the inventive center | overwriting authority-returned calculation meaning with local heuristics | presenting internal compute as if it were the same as the authority's own calculation service,"Later authority-integration tasks should treat calculation retrieval as comparison input, not as local legal truth creation. | Parity and filing-readiness modules must preserve authority-calculation provenance separately from internal compute results.","The engine may request and compare HMRC calculations, but it never becomes HMRC's calculation service."
BR_042,Human judgment outside the approved override protocol,external_authority_or_actor,human_judgment_outside_override_protocol,Algorithm/actor_and_authority_model.md#layer-4-exceptional-authority | Algorithm/invention_and_system_boundary.md#5-human-judgment-outside-override-protocol | Algorithm/invention_and_system_boundary.md#negative-boundary-what-is-not-the-invention,external judgment | manual conversations | off-system professional advice,approver | external advisor | reviewer,human interpretation | off-system conversation,external advice | undocumented decision,"The engine may guide, request, compare, record, or react to this function, but it cannot absorb, impersonate, or overwrite the external actor's authority.",Treat external state as untrusted until authenticated and correlated; never derive identity issuance or legal truth from local convenience.,"Record handoff, acknowledgement, comparison, and provenance evidence so external truth and internal intent remain distinguishable.","Remain pending, blocked, or advisory-only until external resolution exists; never assume success from silence or local intent.",claiming generic manual workflow as the invention | treating undocumented human judgment as engine truth | using ad hoc verbal approval to bypass override or audit artifacts,"Later collaboration tooling should differentiate off-system context from persisted override or rationale artifacts. | Workflow, override, and audit modules must ingest human judgment only through governed records and typed state transitions.","Human judgment only enters the engine when it is captured through governed override, workflow, or audit artifacts."
BR_043,"Reporting-subject legal consent, declaration, and signatory acts",external_authority_or_actor,legal_consent_external_to_engine,Algorithm/actor_and_authority_model.md#3-6-principal-context-schema | Algorithm/actor_and_authority_model.md#layer-1-legal-subject-authority | Algorithm/actor_and_authority_model.md#layer-2-delegated-client-authority,DelegationGrant | reporting-subject authority | signatory evidence,client signatory | delegate | reporting subject,delegation evidence | external legal authority | signatory basis,declaration consent | delegated authority evidence,"The engine may guide, request, compare, record, or react to this function, but it cannot absorb, impersonate, or overwrite the external actor's authority.",Treat external state as untrusted until authenticated and correlated; never derive identity issuance or legal truth from local convenience.,"Record handoff, acknowledgement, comparison, and provenance evidence so external truth and internal intent remain distinguishable.","Remain pending, blocked, or advisory-only until external resolution exists; never assume success from silence or local intent.",letting step-up completion fabricate a missing signatory basis | treating an internal role assignment as equivalent to external legal consent | using product session state as a substitute for delegated client authority,"Approval, portal, and authority-link flows must keep legal consent and delegated authority as explicit prerequisites rather than UI assumptions. | Sign-off journeys must capture and persist evidence of who had the right to act, not just who clicked submit.","The engine can verify and record signatory or delegation evidence, but it does not create the reporting subject's legal authority."
BR_044,External source systems and document providers as raw-source origins,external_authority_or_actor,external_source_truth_outside_engine,Algorithm/canonical_source_and_evidence_taxonomy.md#4-3-source-classes-by-origin | Algorithm/invention_and_system_boundary.md#boundary-rule-2-the-engine-owns-canonicalization-not-raw-source-truth,bank feeds | bookkeeping systems | declared assertions | document sources,client user | customer bank | document source system | external provider,declarations | documents | external records | provider payloads,declared assertions | documentary evidence | raw source material,"The engine may guide, request, compare, record, or react to this function, but it cannot absorb, impersonate, or overwrite the external actor's authority.",Treat external state as untrusted until authenticated and correlated; never derive identity issuance or legal truth from local convenience.,"Record handoff, acknowledgement, comparison, and provenance evidence so external truth and internal intent remain distinguishable.","Remain pending, blocked, or advisory-only until external resolution exists; never assume success from silence or local intent.","assuming freshness or correctness because the payload came from an institution | collapsing EvidenceItem, CandidateFact, and CanonicalFact into one raw data bucket | treating source origin as already canonical","Collection and normalization work must preserve origin class, source strength, and freshness before promotion into canonical facts. | Future provenance and trust modules should use source origin as input, not as a substitute for canonicalization.","Banks, document providers, and declared human inputs remain external origins even when the engine later normalizes them."
BR_045,Authority-side processing semantics beyond what is returned,external_authority_or_actor,authority_side_processing_external,Algorithm/authority_interaction_protocol.md#9-1-boundary-rule | Algorithm/invention_and_system_boundary.md#3-authority-owned-legal-status,authority queues | authority-side processing | provider internal semantics,HMRC | authority system,authority request | provider-side internal processing,acknowledgement or rejection states | returned responses | unresolved external latency,"The engine may guide, request, compare, record, or react to this function, but it cannot absorb, impersonate, or overwrite the external actor's authority.",Treat external state as untrusted until authenticated and correlated; never derive identity issuance or legal truth from local convenience.,"Record handoff, acknowledgement, comparison, and provenance evidence so external truth and internal intent remain distinguishable.","Remain pending, blocked, or advisory-only until external resolution exists; never assume success from silence or local intent.",pretending local retries know what the authority is doing internally | reconstructing authority processing semantics from timeout behaviour alone | treating internal queue state as a substitute for authority-side progress,"Later authority analytics should preserve unresolved or unknown posture rather than inventing deterministic external state. | Reconciliation and pending-state logic must react only to returned or authenticated authority evidence, not to local optimism.",The engine can only reason over what the authority returns or lawfully acknowledges; internal provider processing remains external.
